"Severity","Type","Code","Source","Description","Sample Time","Run Hours"
"High","Events","225:3","Engine","Engine Overcrank","8/23/2020 4:28:24 PM","20197.0"
"Medium","Diagnostics","590:9","Communication Gateway #1","Engine Control Module:Abnormal Update Rate","10/20/2020 4:53:48 PM","21124.0"
"Medium","Diagnostics","590:9","Communication Gateway #1","Engine Control Module:Abnormal Update Rate","10/12/2020 12:52:53 PM","21022.0"
"Medium","Events","31:2","Engine","Air Filter Restriction Derate","10/1/2020 8:39:09 PM","20774.0"
"Medium","Events","31:2","Engine","Air Filter Restriction Derate","9/21/2020 10:34:52 AM","20606.0"
"Medium","Events","31:2","Engine","Air Filter Restriction Derate","9/8/2020 11:21:45 AM","20429.0"
"Low","Diagnostics","827:8","Engine","Left Exhaust Temperature Sensor:Abnormal Frequency, Pulse Width, or Period","10/30/2020 8:20:53 AM","21248.0"
"Low","Diagnostics","827:8","Engine","Left Exhaust Temperature Sensor:Abnormal Frequency, Pulse Width, or Period","10/30/2020 7:19:52 AM","21247.0"
"Low","Events","2143:1","Engine","Low Engine Coolant Level","10/30/2020 4:52:38 AM","21246.0"
"Low","Diagnostics","827:8","Engine","Left Exhaust Temperature Sensor:Abnormal Frequency, Pulse Width, or Period","10/30/2020 4:20:02 AM","21246.0"
"Low","Diagnostics","827:8","Engine","Left Exhaust Temperature Sensor:Abnormal Frequency, Pulse Width, or Period","10/30/2020 3:19:23 AM","21245.0"
"Low","Events","2143:1","Engine","Low Engine Coolant Level","10/30/2020 2:38:26 AM","21244.0"
"Low","Diagnostics","827:8","Engine","Left Exhaust Temperature Sensor:Abnormal Frequency, Pulse Width, or Period","10/29/2020 1:43:00 AM","21244.0"
"Low","Diagnostics","827:8","Engine","Left Exhaust Temperature Sensor:Abnormal Frequency, Pulse Width, or Period","10/29/2020 12:43:05 AM","21243.0"
"Low","Events","2143:1","Engine","Low Engine Coolant Level","10/28/2020 11:24:35 PM","21242.0"
"Low","Events","2143:1","Engine","Low Engine Coolant Level","10/28/2020 9:59:10 PM","21240.0"
"Low","Events","2143:1","Engine","Low Engine Coolant Level","10/28/2020 8:58:33 PM","21239.0"
"Low","Events","2143:1","Engine","Low Engine Coolant Level","10/28/2020 7:43:36 PM","21238.0"
"Low","Diagnostics","827:8","Engine","Left Exhaust Temperature Sensor:Abnormal Frequency, Pulse Width, or Period","10/28/2020 7:16:05 PM","21237.0"
"Low","Events","2143:1","Engine","Low Engine Coolant Level","10/28/2020 6:15:41 PM","21236.0"
"Low","Events","2143:1","Engine","Low Engine Coolant Level","10/28/2020 3:46:10 PM","21234.0"
"Low","Events","2143:1","Engine","Low Engine Coolant Level","10/28/2020 1:24:23 PM","21232.0"
"Low","Events","2143:1","Engine","Low Engine Coolant Level","10/28/2020 11:24:14 AM","21230.0"
"Low","Events","2143:1","Engine","Low Engine Coolant Level","10/28/2020 9:53:18 AM","21228.0"
"Low","Diagnostics","827:8","Engine","Left Exhaust Temperature Sensor:Abnormal Frequency, Pulse Width, or Period","10/28/2020 8:47:54 AM","21227.0"
"Low","Events","2143:1","Engine","Low Engine Coolant Level","10/28/2020 8:33:17 AM","21227.0"
"Low","Events","2143:1","Engine","Low Engine Coolant Level","10/28/2020 12:35:04 AM","21226.0"
"Low","Events","2143:1","Engine","Low Engine Coolant Level","10/27/2020 9:52:06 PM","21223.0"
"Low","Events","2143:1","Engine","Low Engine Coolant Level","10/27/2020 8:47:11 PM","21222.0"
"Low","Events","2143:1","Engine","Low Engine Coolant Level","10/27/2020 4:22:41 PM","21217.0"
"Low","Events","2143:1","Engine","Low Engine Coolant Level","10/27/2020 3:06:58 PM","21216.0"
"Low","Events","2143:1","Engine","Low Engine Coolant Level","10/27/2020 7:27:45 AM","21208.0"
"Low","Events","2143:1","Engine","Low Engine Coolant Level","10/27/2020 6:20:59 AM","21207.0"
"Low","Events","2143:1","Engine","Low Engine Coolant Level","10/27/2020 4:13:05 AM","21205.0"
"Low","Events","2143:1","Engine","Low Engine Coolant Level","10/27/2020 2:54:29 AM","21204.0"
"Low","Events","2143:1","Engine","Low Engine Coolant Level","10/27/2020 1:09:57 AM","21202.0"
"Low","Events","2143:1","Engine","Low Engine Coolant Level","10/26/2020 11:39:04 PM","21201.0"
"Low","Events","2143:1","Engine","Low Engine Coolant Level","10/26/2020 5:59:02 PM","21197.0"
"Low","Events","2143:1","Engine","Low Engine Coolant Level","10/26/2020 4:32:24 PM","21195.0"
"Low","Events","2143:1","Engine","Low Engine Coolant Level","10/26/2020 3:00:02 PM","21194.0"
"Low","Events","2143:1","Engine","Low Engine Coolant Level","10/26/2020 10:32:51 AM","21189.0"
"Low","Events","2143:1","Engine","Low Engine Coolant Level","10/26/2020 8:57:17 AM","21188.0"
"Low","Events","2143:1","Engine","Low Engine Coolant Level","10/26/2020 7:14:51 AM","21186.0"
"Low","Events","2143:1","Engine","Low Engine Coolant Level","10/26/2020 5:47:19 AM","21184.0"
"Low","Events","2143:1","Engine","Low Engine Coolant Level","10/26/2020 4:33:50 AM","21183.0"
"Low","Events","2143:1","Engine","Low Engine Coolant Level","10/26/2020 3:27:37 AM","21182.0"
"Low","Events","2143:1","Engine","Low Engine Coolant Level","10/26/2020 2:21:16 AM","21181.0"
"Low","Events","2143:1","Engine","Low Engine Coolant Level","10/26/2020 12:09:36 AM","21179.0"
"Low","Events","2143:1","Engine","Low Engine Coolant Level","10/25/2020 9:36:37 PM","21176.0"
"Low","Events","2143:1","Engine","Low Engine Coolant Level","10/25/2020 8:02:33 PM","21175.0"
"Low","Events","2143:1","Engine","Low Engine Coolant Level","10/25/2020 6:54:17 PM","21173.0"
"Low","Events","2143:1","Engine","Low Engine Coolant Level","10/25/2020 5:13:15 PM","21172.0"
"Low","Events","2143:1","Engine","Low Engine Coolant Level","10/25/2020 4:13:09 PM","21171.0"
"Low","Events","2143:1","Engine","Low Engine Coolant Level","10/25/2020 2:55:07 PM","21169.0"
"Low","Events","2143:1","Engine","Low Engine Coolant Level","10/25/2020 1:53:38 PM","21168.0"
"Low","Events","2143:1","Engine","Low Engine Coolant Level","10/25/2020 11:30:41 AM","21166.0"
"Low","Events","2143:1","Engine","Low Engine Coolant Level","10/24/2020 9:32:04 AM","21161.0"
"Low","Events","2143:1","Engine","Low Engine Coolant Level","10/24/2020 7:26:23 AM","21159.0"
"Low","Events","2143:1","Engine","Low Engine Coolant Level","10/24/2020 5:38:24 AM","21158.0"
"Low","Events","2143:1","Engine","Low Engine Coolant Level","10/24/2020 4:33:23 AM","21157.0"
"Low","Events","2143:1","Engine","Low Engine Coolant Level","10/24/2020 2:58:22 AM","21155.0"
"Low","Events","2143:1","Engine","Low Engine Coolant Level","10/24/2020 1:57:44 AM","21154.0"
"Low","Events","2143:1","Engine","Low Engine Coolant Level","10/23/2020 10:52:19 PM","21151.0"
"Low","Events","2143:1","Engine","Low Engine Coolant Level","10/23/2020 5:39:34 PM","21146.0"
"Low","Events","2143:1","Engine","Low Engine Coolant Level","10/23/2020 5:35:19 AM","21143.0"
"Low","Events","2143:1","Engine","Low Engine Coolant Level","10/23/2020 4:17:33 AM","21142.0"
"Low","Events","2143:1","Engine","Low Engine Coolant Level","10/23/2020 12:46:33 AM","21139.0"
"Low","Events","2143:1","Engine","Low Engine Coolant Level","10/22/2020 7:11:07 PM","21133.0"
"Low","Events","2143:1","Engine","Low Engine Coolant Level","10/20/2020 4:58:23 PM","21124.0"
"Low","Diagnostics","827:8","Engine","Left Exhaust Temperature Sensor:Abnormal Frequency, Pulse Width, or Period","10/20/2020 4:52:32 PM","21124.0"
"Low","Diagnostics","828:8","Engine","Right Exhaust Temperature Sensor:Abnormal Frequency, Pulse Width, or Period","10/20/2020 4:52:32 PM","21124.0"
"Low","Events","2143:1","Engine","Low Engine Coolant Level","10/19/2020 1:28:53 PM","21123.0"
"Low","Events","2143:1","Engine","Low Engine Coolant Level","10/18/2020 3:13:10 PM","21114.0"
"Low","Events","2143:1","Engine","Low Engine Coolant Level","10/18/2020 2:09:23 PM","21113.0"
"Low","Events","2143:1","Engine","Low Engine Coolant Level","10/18/2020 12:59:21 PM","21112.0"
"Low","Events","2143:1","Engine","Low Engine Coolant Level","10/18/2020 11:31:20 AM","21110.0"
"Low","Events","2143:1","Engine","Low Engine Coolant Level","10/17/2020 1:42:16 AM","21077.0"
"Low","Events","2143:1","Engine","Low Engine Coolant Level","10/16/2020 9:58:51 PM","21073.0"
"Low","Events","2143:1","Engine","Low Engine Coolant Level","10/16/2020 8:56:28 PM","21072.0"
"Low","Events","2143:1","Engine","Low Engine Coolant Level","10/16/2020 7:41:18 PM","21071.0"
"Low","Events","2143:1","Engine","Low Engine Coolant Level","10/16/2020 6:30:57 PM","21069.0"
"Low","Events","2143:1","Engine","Low Engine Coolant Level","10/16/2020 4:29:47 PM","21068.0"
"Low","Events","2143:1","Engine","Low Engine Coolant Level","10/16/2020 3:26:43 PM","21067.0"
"Low","Events","2143:1","Engine","Low Engine Coolant Level","10/16/2020 1:56:29 PM","21065.0"
"Low","Events","2143:1","Engine","Low Engine Coolant Level","10/16/2020 9:45:51 AM","21061.0"
"Low","Events","2143:1","Engine","Low Engine Coolant Level","10/16/2020 8:13:07 AM","21059.0"
"Low","Diagnostics","828:8","Engine","Right Exhaust Temperature Sensor:Abnormal Frequency, Pulse Width, or Period","10/16/2020 12:06:12 AM","21119.0"
"Low","Diagnostics","827:8","Engine","Left Exhaust Temperature Sensor:Abnormal Frequency, Pulse Width, or Period","10/16/2020 12:06:12 AM","21119.0"
"Low","Diagnostics","828:8","Engine","Right Exhaust Temperature Sensor:Abnormal Frequency, Pulse Width, or Period","10/16/2020 12:04:30 AM","21051.0"
"Low","Events","2143:1","Engine","Low Engine Coolant Level","10/16/2020 12:00:44 AM","21051.0"
"Low","Diagnostics","827:8","Engine","Left Exhaust Temperature Sensor:Abnormal Frequency, Pulse Width, or Period","10/15/2020 11:58:27 PM","21051.0"
"Low","Events","2143:1","Engine","Low Engine Coolant Level","10/15/2020 2:13:32 PM","21050.0"
"Low","Events","2143:1","Engine","Low Engine Coolant Level","10/14/2020 7:26:53 AM","21043.0"
"Low","Events","2143:1","Engine","Low Engine Coolant Level","10/13/2020 11:56:53 PM","21041.0"
"Low","Events","2143:1","Engine","Low Engine Coolant Level","10/12/2020 1:15:25 PM","21022.0"
"Low","Diagnostics","827:8","Engine","Left Exhaust Temperature Sensor:Abnormal Frequency, Pulse Width, or Period","10/12/2020 1:12:09 PM","21022.0"
"Low","Events","2143:1","Engine","Low Engine Coolant Level","10/11/2020 8:20:08 PM","21005.0"
"Low","Events","2143:1","Engine","Low Engine Coolant Level","10/11/2020 7:03:22 PM","21004.0"
"Low","Events","2143:1","Engine","Low Engine Coolant Level","10/11/2020 6:01:48 PM","21003.0"
"Low","Events","2143:1","Engine","Low Engine Coolant Level","10/10/2020 11:07:58 AM","20972.0"
"Low","Events","2143:1","Engine","Low Engine Coolant Level","10/10/2020 9:23:50 AM","20970.0"
"Low","Events","2143:1","Engine","Low Engine Coolant Level","10/10/2020 6:53:50 AM","20968.0"
"Low","Events","2143:1","Engine","Low Engine Coolant Level","10/9/2020 2:53:07 PM","20952.0"
"Low","Events","2143:1","Engine","Low Engine Coolant Level","10/9/2020 1:31:10 PM","20951.0"
"Low","Events","2143:1","Engine","Low Engine Coolant Level","10/9/2020 12:09:02 PM","20949.0"
"Low","Events","2143:1","Engine","Low Engine Coolant Level","10/9/2020 10:39:48 AM","20948.0"
"Low","Events","2143:1","Engine","Low Engine Coolant Level","10/9/2020 9:19:10 AM","20946.0"
"Low","Events","2143:1","Engine","Low Engine Coolant Level","10/9/2020 7:59:45 AM","20945.0"
"Low","Events","2143:1","Engine","Low Engine Coolant Level","10/9/2020 4:15:10 AM","20941.0"
"Low","Events","2143:1","Engine","Low Engine Coolant Level","10/8/2020 11:04:35 PM","20936.0"
"Low","Events","2143:1","Engine","Low Engine Coolant Level","10/8/2020 8:53:53 PM","20934.0"
"Low","Events","2143:1","Engine","Low Engine Coolant Level","10/8/2020 5:03:45 PM","20930.0"
"Low","Events","2143:1","Engine","Low Engine Coolant Level","10/8/2020 3:42:38 PM","20929.0"
"Low","Events","2143:1","Engine","Low Engine Coolant Level","10/8/2020 1:24:08 PM","20926.0"
"Low","Events","2143:1","Engine","Low Engine Coolant Level","10/8/2020 11:48:31 AM","20925.0"
"Low","Events","2143:1","Engine","Low Engine Coolant Level","10/8/2020 10:12:28 AM","20923.0"
"Low","Events","2143:1","Engine","Low Engine Coolant Level","10/8/2020 2:05:49 AM","20915.0"
"Low","Events","2143:1","Engine","Low Engine Coolant Level","10/8/2020 12:35:18 AM","20914.0"
"Low","Events","2143:1","Engine","Low Engine Coolant Level","10/7/2020 7:27:30 PM","20908.0"
"Low","Events","272:1","Engine","Inlet Air Restriction Warning","10/7/2020 7:10:47 PM","20908.0"
"Low","Events","2143:1","Engine","Low Engine Coolant Level","10/7/2020 5:19:41 PM","20906.0"
"Low","Events","2143:1","Engine","Low Engine Coolant Level","10/7/2020 3:37:21 PM","20905.0"
"Low","Events","2143:1","Engine","Low Engine Coolant Level","10/7/2020 12:55:01 PM","20902.0"
"Low","Events","2143:1","Engine","Low Engine Coolant Level","10/7/2020 10:06:10 AM","20899.0"
"Low","Events","2143:1","Engine","Low Engine Coolant Level","10/7/2020 8:36:48 AM","20898.0"
"Low","Events","2143:1","Engine","Low Engine Coolant Level","10/7/2020 7:05:27 AM","20896.0"
"Low","Events","2143:1","Engine","Low Engine Coolant Level","10/7/2020 4:40:04 AM","20894.0"
"Low","Events","2143:1","Engine","Low Engine Coolant Level","10/7/2020 2:14:19 AM","20891.0"
"Low","Events","2143:1","Engine","Low Engine Coolant Level","10/7/2020 12:52:44 AM","20890.0"
"Low","Events","2143:1","Engine","Low Engine Coolant Level","10/6/2020 11:34:27 PM","20889.0"
"Low","Events","2143:1","Engine","Low Engine Coolant Level","10/6/2020 10:21:35 PM","20887.0"
"Low","Events","2143:1","Engine","Low Engine Coolant Level","10/6/2020 8:41:21 PM","20886.0"
"Low","Events","2143:1","Engine","Low Engine Coolant Level","10/6/2020 7:38:10 PM","20885.0"
"Low","Events","2143:1","Engine","Low Engine Coolant Level","10/6/2020 5:47:43 PM","20883.0"
"Low","Events","2143:1","Engine","Low Engine Coolant Level","10/6/2020 3:31:39 PM","20881.0"
"Low","Events","2143:1","Engine","Low Engine Coolant Level","10/6/2020 10:03:02 AM","20879.0"
"Low","Events","2143:1","Engine","Low Engine Coolant Level","10/5/2020 6:32:56 PM","20868.0"
"Low","Events","2143:1","Engine","Low Engine Coolant Level","10/5/2020 5:30:13 PM","20867.0"
"Low","Events","2143:1","Engine","Low Engine Coolant Level","10/5/2020 1:44:17 PM","20863.0"
"Low","Events","2143:1","Engine","Low Engine Coolant Level","10/5/2020 12:41:13 PM","20862.0"
"Low","Events","2143:1","Engine","Low Engine Coolant Level","10/5/2020 11:08:11 AM","20860.0"
"Low","Events","2143:1","Engine","Low Engine Coolant Level","10/5/2020 8:40:27 AM","20858.0"
"Low","Events","2143:1","Engine","Low Engine Coolant Level","10/5/2020 7:26:15 AM","20856.0"
"Low","Events","2143:1","Engine","Low Engine Coolant Level","10/5/2020 6:24:50 AM","20855.0"
"Low","Events","2143:1","Engine","Low Engine Coolant Level","10/4/2020 11:25:08 PM","20848.0"
"Low","Events","2143:1","Engine","Low Engine Coolant Level","10/4/2020 7:43:08 PM","20845.0"
"Low","Events","2143:1","Engine","Low Engine Coolant Level","10/4/2020 6:14:48 PM","20843.0"
"Low","Events","2143:1","Engine","Low Engine Coolant Level","10/4/2020 2:20:29 PM","20839.0"
"Low","Events","2143:1","Engine","Low Engine Coolant Level","10/4/2020 12:22:11 PM","20837.0"
"Low","Events","2143:1","Engine","Low Engine Coolant Level","10/4/2020 10:57:13 AM","20836.0"
"Low","Events","272:1","Engine","Inlet Air Restriction Warning","10/3/2020 11:55:45 PM","20825.0"
"Low","Events","2143:1","Engine","Low Engine Coolant Level","10/3/2020 5:23:59 AM","20807.0"
"Low","Events","2143:1","Engine","Low Engine Coolant Level","10/3/2020 1:56:17 AM","20804.0"
"Low","Events","2143:1","Engine","Low Engine Coolant Level","10/2/2020 10:26:38 PM","20800.0"
"Low","Events","2143:1","Engine","Low Engine Coolant Level","10/2/2020 9:07:15 PM","20799.0"
"Low","Events","2143:1","Engine","Low Engine Coolant Level","10/2/2020 7:16:37 PM","20797.0"
"Low","Events","2143:1","Engine","Low Engine Coolant Level","10/2/2020 5:03:41 PM","20795.0"
"Low","Events","2143:1","Engine","Low Engine Coolant Level","10/2/2020 3:19:58 PM","20793.0"
"Low","Events","2143:1","Engine","Low Engine Coolant Level","10/2/2020 1:55:28 PM","20792.0"
"Low","Events","2143:1","Engine","Low Engine Coolant Level","10/2/2020 12:30:41 PM","20790.0"
"Low","Events","2143:1","Engine","Low Engine Coolant Level","10/2/2020 11:23:46 AM","20789.0"
"Low","Events","2143:1","Engine","Low Engine Coolant Level","10/2/2020 10:21:36 AM","20788.0"
"Low","Events","2143:1","Engine","Low Engine Coolant Level","10/2/2020 9:10:13 AM","20787.0"
"Low","Events","2143:1","Engine","Low Engine Coolant Level","10/2/2020 8:09:27 AM","20786.0"
"Low","Events","2143:1","Engine","Low Engine Coolant Level","10/2/2020 6:50:44 AM","20785.0"
"Low","Events","272:1","Engine","Inlet Air Restriction Warning","10/1/2020 8:39:09 PM","20774.0"
"Low","Events","2143:1","Engine","Low Engine Coolant Level","10/1/2020 5:23:54 AM","20772.0"
"Low","Events","2143:1","Engine","Low Engine Coolant Level","9/30/2020 10:27:23 PM","20769.0"
"Low","Events","2143:1","Engine","Low Engine Coolant Level","9/30/2020 8:19:28 PM","20767.0"
"Low","Events","2143:1","Engine","Low Engine Coolant Level","9/30/2020 4:56:55 PM","20763.0"
"Low","Events","2143:1","Engine","Low Engine Coolant Level","9/30/2020 1:41:11 PM","20760.0"
"Low","Events","2143:1","Engine","Low Engine Coolant Level","9/30/2020 12:14:37 PM","20759.0"
"Low","Events","2143:1","Engine","Low Engine Coolant Level","9/30/2020 10:31:19 AM","20757.0"
"Low","Events","2143:1","Engine","Low Engine Coolant Level","9/30/2020 9:23:01 AM","20756.0"
"Low","Events","2143:1","Engine","Low Engine Coolant Level","9/29/2020 6:46:24 PM","20741.0"
"Low","Events","2143:1","Engine","Low Engine Coolant Level","9/29/2020 4:30:37 PM","20739.0"
"Low","Events","2143:1","Engine","Low Engine Coolant Level","9/29/2020 3:22:35 PM","20738.0"
"Low","Events","2143:1","Engine","Low Engine Coolant Level","9/29/2020 9:32:08 AM","20732.0"
"Low","Events","2143:1","Engine","Low Engine Coolant Level","9/29/2020 2:01:31 AM","20724.0"
"Low","Events","2143:1","Engine","Low Engine Coolant Level","9/28/2020 11:54:02 PM","20722.0"
"Low","Events","2143:1","Engine","Low Engine Coolant Level","9/28/2020 4:39:49 PM","20715.0"
"Low","Events","2143:1","Engine","Low Engine Coolant Level","9/28/2020 3:39:27 PM","20714.0"
"Low","Events","2143:1","Engine","Low Engine Coolant Level","9/28/2020 2:05:43 PM","20712.0"
"Low","Events","2143:1","Engine","Low Engine Coolant Level","9/28/2020 12:54:49 PM","20711.0"
"Low","Events","2143:1","Engine","Low Engine Coolant Level","9/28/2020 4:37:11 AM","20703.0"
"Low","Events","2143:1","Engine","Low Engine Coolant Level","9/28/2020 1:39:01 AM","20700.0"
"Low","Events","2143:1","Engine","Low Engine Coolant Level","9/28/2020 12:37:29 AM","20699.0"
"Low","Events","2143:1","Engine","Low Engine Coolant Level","9/27/2020 11:30:35 PM","20698.0"
"Low","Events","2143:1","Engine","Low Engine Coolant Level","9/27/2020 9:50:14 PM","20696.0"
"Low","Events","2143:1","Engine","Low Engine Coolant Level","9/27/2020 8:39:23 PM","20695.0"
"Low","Events","2143:1","Engine","Low Engine Coolant Level","9/27/2020 7:29:54 PM","20694.0"
"Low","Events","2143:1","Engine","Low Engine Coolant Level","9/27/2020 6:26:23 PM","20693.0"
"Low","Events","2143:1","Engine","Low Engine Coolant Level","9/27/2020 3:52:15 PM","20690.0"
"Low","Events","2143:1","Engine","Low Engine Coolant Level","9/27/2020 2:34:17 PM","20689.0"
"Low","Events","272:1","Engine","Inlet Air Restriction Warning","9/27/2020 1:46:58 PM","20688.0"
"Low","Events","2143:1","Engine","Low Engine Coolant Level","9/27/2020 1:05:03 PM","20687.0"
"Low","Events","2143:1","Engine","Low Engine Coolant Level","9/25/2020 8:17:07 PM","20676.0"
"Low","Events","2143:1","Engine","Low Engine Coolant Level","9/25/2020 5:09:15 PM","20673.0"
"Low","Events","2143:1","Engine","Low Engine Coolant Level","9/25/2020 4:09:14 PM","20672.0"
"Low","Events","2143:1","Engine","Low Engine Coolant Level","9/25/2020 3:00:58 PM","20671.0"
"Low","Events","2143:1","Engine","Low Engine Coolant Level","9/25/2020 1:30:40 PM","20669.0"
"Low","Events","2143:1","Engine","Low Engine Coolant Level","9/25/2020 12:21:27 PM","20668.0"
"Low","Events","272:1","Engine","Inlet Air Restriction Warning","9/25/2020 11:45:47 AM","20668.0"
"Low","Events","2143:1","Engine","Low Engine Coolant Level","9/25/2020 11:11:23 AM","20667.0"
"Low","Events","2143:1","Engine","Low Engine Coolant Level","9/25/2020 9:44:34 AM","20666.0"
"Low","Events","2143:1","Engine","Low Engine Coolant Level","9/25/2020 8:37:11 AM","20665.0"
"Low","Events","2143:1","Engine","Low Engine Coolant Level","9/25/2020 2:47:59 AM","20659.0"
"Low","Events","2143:1","Engine","Low Engine Coolant Level","9/25/2020 1:31:18 AM","20657.0"
"Low","Events","2143:1","Engine","Low Engine Coolant Level","9/25/2020 12:26:53 AM","20656.0"
"Low","Events","2143:1","Engine","Low Engine Coolant Level","9/24/2020 10:52:51 PM","20655.0"
"Low","Events","2143:1","Engine","Low Engine Coolant Level","9/23/2020 6:47:59 PM","20627.0"
"Low","Events","2143:1","Engine","Low Engine Coolant Level","9/23/2020 2:11:22 PM","20622.0"
"Low","Events","2143:1","Engine","Low Engine Coolant Level","9/23/2020 1:08:38 PM","20621.0"
"Low","Events","2143:1","Engine","Low Engine Coolant Level","9/23/2020 11:29:17 AM","20619.0"
"Low","Events","2143:1","Engine","Low Engine Coolant Level","9/21/2020 10:22:28 PM","20617.0"
"Low","Events","2143:1","Engine","Low Engine Coolant Level","9/21/2020 8:25:14 PM","20615.0"
"Low","Events","2143:1","Engine","Low Engine Coolant Level","9/21/2020 4:54:52 PM","20612.0"
"Low","Events","2143:1","Engine","Low Engine Coolant Level","9/21/2020 3:48:15 PM","20611.0"
"Low","Events","2143:1","Engine","Low Engine Coolant Level","9/21/2020 2:09:06 PM","20609.0"
"Low","Events","2143:1","Engine","Low Engine Coolant Level","9/21/2020 12:53:02 PM","20608.0"
"Low","Events","2143:1","Engine","Low Engine Coolant Level","9/21/2020 11:50:58 AM","20607.0"
"Low","Events","2143:1","Engine","Low Engine Coolant Level","9/21/2020 10:39:12 AM","20606.0"
"Low","Events","272:1","Engine","Inlet Air Restriction Warning","9/21/2020 10:34:52 AM","20606.0"
"Low","Diagnostics","827:8","Engine","Left Exhaust Temperature Sensor:Abnormal Frequency, Pulse Width, or Period","9/20/2020 9:45:23 PM","20604.0"
"Low","Events","2143:1","Engine","Low Engine Coolant Level","9/20/2020 7:31:40 AM","20604.0"
"Low","Events","2143:1","Engine","Low Engine Coolant Level","9/20/2020 5:56:03 AM","20602.0"
"Low","Events","2143:1","Engine","Low Engine Coolant Level","9/20/2020 4:49:55 AM","20601.0"
"Low","Events","2143:1","Engine","Low Engine Coolant Level","9/20/2020 3:48:50 AM","20600.0"
"Low","Events","2143:1","Engine","Low Engine Coolant Level","9/20/2020 2:39:34 AM","20599.0"
"Low","Events","2143:1","Engine","Low Engine Coolant Level","9/20/2020 12:25:28 AM","20597.0"
"Low","Events","2143:1","Engine","Low Engine Coolant Level","9/19/2020 6:56:49 PM","20591.0"
"Low","Events","2143:1","Engine","Low Engine Coolant Level","9/19/2020 5:49:31 PM","20590.0"
"Low","Events","2143:1","Engine","Low Engine Coolant Level","9/17/2020 11:49:32 PM","20559.0"
"Low","Events","2143:1","Engine","Low Engine Coolant Level","9/17/2020 10:37:08 PM","20558.0"
"Low","Events","2143:1","Engine","Low Engine Coolant Level","9/17/2020 9:19:13 AM","20548.0"
"Low","Events","2143:1","Engine","Low Engine Coolant Level","9/17/2020 8:06:03 AM","20547.0"
"Low","Events","2143:1","Engine","Low Engine Coolant Level","9/17/2020 6:45:18 AM","20545.0"
"Low","Events","2143:1","Engine","Low Engine Coolant Level","9/16/2020 11:38:49 PM","20542.0"
"Low","Events","2143:1","Engine","Low Engine Coolant Level","9/16/2020 10:38:12 PM","20541.0"
"Low","Events","2143:1","Engine","Low Engine Coolant Level","9/16/2020 6:44:32 AM","20527.0"
"Low","Events","2143:1","Engine","Low Engine Coolant Level","9/16/2020 5:36:18 AM","20526.0"
"Low","Events","2143:1","Engine","Low Engine Coolant Level","9/15/2020 9:18:33 PM","20524.0"
"Low","Events","2143:1","Engine","Low Engine Coolant Level","9/15/2020 8:18:11 PM","20523.0"
"Low","Events","2143:1","Engine","Low Engine Coolant Level","9/14/2020 6:56:34 PM","20522.0"
"Low","Events","2143:1","Engine","Low Engine Coolant Level","9/13/2020 10:38:27 PM","20519.0"
"Low","Events","2143:1","Engine","Low Engine Coolant Level","9/13/2020 4:18:16 AM","20518.0"
"Low","Diagnostics","827:8","Engine","Left Exhaust Temperature Sensor:Abnormal Frequency, Pulse Width, or Period","9/13/2020 4:16:25 AM","20518.0"
"Low","Events","2143:1","Engine","Low Engine Coolant Level","9/12/2020 7:31:23 AM","20517.0"
"Low","Events","2143:1","Engine","Low Engine Coolant Level","9/12/2020 4:52:49 AM","20514.0"
"Low","Events","2143:1","Engine","Low Engine Coolant Level","9/12/2020 3:40:45 AM","20513.0"
"Low","Events","2143:1","Engine","Low Engine Coolant Level","9/12/2020 2:34:55 AM","20512.0"
"Low","Events","2143:1","Engine","Low Engine Coolant Level","9/12/2020 12:25:24 AM","20509.0"
"Low","Events","2143:1","Engine","Low Engine Coolant Level","9/11/2020 10:20:44 PM","20507.0"
"Low","Events","2143:1","Engine","Low Engine Coolant Level","9/11/2020 8:20:57 PM","20505.0"
"Low","Events","2143:1","Engine","Low Engine Coolant Level","9/11/2020 6:58:50 PM","20504.0"
"Low","Events","2143:1","Engine","Low Engine Coolant Level","9/11/2020 5:37:06 PM","20503.0"
"Low","Events","2143:1","Engine","Low Engine Coolant Level","9/11/2020 3:53:06 PM","20501.0"
"Low","Events","2143:1","Engine","Low Engine Coolant Level","9/10/2020 8:00:06 PM","20486.0"
"Low","Events","2143:1","Engine","Low Engine Coolant Level","9/9/2020 6:13:11 AM","20448.0"
"Low","Events","2143:1","Engine","Low Engine Coolant Level","9/9/2020 4:52:58 AM","20447.0"
"Low","Events","2143:1","Engine","Low Engine Coolant Level","9/9/2020 3:47:43 AM","20446.0"
"Low","Events","2143:1","Engine","Low Engine Coolant Level","9/9/2020 12:46:15 AM","20443.0"
"Low","Events","2143:1","Engine","Low Engine Coolant Level","9/8/2020 11:05:07 PM","20441.0"
"Low","Events","2143:1","Engine","Low Engine Coolant Level","9/8/2020 10:00:01 PM","20440.0"
"Low","Events","2143:1","Engine","Low Engine Coolant Level","9/8/2020 8:45:48 PM","20439.0"
"Low","Events","2143:1","Engine","Low Engine Coolant Level","9/8/2020 7:24:41 PM","20437.0"
"Low","Events","2143:1","Engine","Low Engine Coolant Level","9/8/2020 5:57:12 PM","20436.0"
"Low","Events","2143:1","Engine","Low Engine Coolant Level","9/8/2020 4:26:00 PM","20434.0"
"Low","Events","2143:1","Engine","Low Engine Coolant Level","9/8/2020 3:23:55 PM","20433.0"
"Low","Events","2143:1","Engine","Low Engine Coolant Level","9/8/2020 1:32:06 PM","20431.0"
"Low","Events","272:1","Engine","Inlet Air Restriction Warning","9/8/2020 11:21:44 AM","20429.0"
"Low","Events","2143:1","Engine","Low Engine Coolant Level","9/8/2020 11:07:09 AM","20429.0"
"Low","Events","2143:1","Engine","Low Engine Coolant Level","9/8/2020 10:07:08 AM","20428.0"
"Low","Events","2143:1","Engine","Low Engine Coolant Level","9/8/2020 8:46:35 AM","20427.0"
"Low","Events","2143:1","Engine","Low Engine Coolant Level","9/8/2020 7:39:49 AM","20426.0"
"Low","Events","2143:1","Engine","Low Engine Coolant Level","9/8/2020 6:17:30 AM","20424.0"
"Low","Events","2143:1","Engine","Low Engine Coolant Level","9/7/2020 9:25:43 AM","20403.0"
"Low","Events","2143:1","Engine","Low Engine Coolant Level","9/7/2020 8:05:52 AM","20402.0"
"Low","Events","2143:1","Engine","Low Engine Coolant Level","9/7/2020 6:20:05 AM","20400.0"
"Low","Events","2143:1","Engine","Low Engine Coolant Level","9/7/2020 5:08:52 AM","20399.0"
"Low","Events","2143:1","Engine","Low Engine Coolant Level","9/7/2020 1:50:33 AM","20396.0"
"Low","Events","2143:1","Engine","Low Engine Coolant Level","9/7/2020 12:46:06 AM","20395.0"
"Low","Events","2143:1","Engine","Low Engine Coolant Level","9/6/2020 11:34:40 PM","20393.0"
"Low","Events","2143:1","Engine","Low Engine Coolant Level","9/6/2020 8:43:13 PM","20391.0"
"Low","Events","2143:1","Engine","Low Engine Coolant Level","9/6/2020 6:19:58 PM","20388.0"
"Low","Events","2143:1","Engine","Low Engine Coolant Level","9/6/2020 4:29:21 PM","20386.0"
"Low","Events","2143:1","Engine","Low Engine Coolant Level","9/6/2020 3:05:45 PM","20385.0"
"Low","Events","2143:1","Engine","Low Engine Coolant Level","9/6/2020 1:05:40 PM","20383.0"
"Low","Events","2143:1","Engine","Low Engine Coolant Level","9/6/2020 11:21:10 AM","20381.0"
"Low","Events","2143:1","Engine","Low Engine Coolant Level","9/6/2020 10:18:44 AM","20380.0"
"Low","Events","2143:1","Engine","Low Engine Coolant Level","9/6/2020 8:58:23 AM","20379.0"
"Low","Events","2143:1","Engine","Low Engine Coolant Level","9/6/2020 7:49:49 AM","20378.0"
"Low","Events","2143:1","Engine","Low Engine Coolant Level","9/6/2020 6:27:57 AM","20376.0"
"Low","Events","2143:1","Engine","Low Engine Coolant Level","9/6/2020 3:56:30 AM","20374.0"
"Low","Events","2143:1","Engine","Low Engine Coolant Level","9/6/2020 2:36:26 AM","20372.0"
"Low","Events","2143:1","Engine","Low Engine Coolant Level","9/6/2020 1:12:10 AM","20371.0"
"Low","Events","2143:1","Engine","Low Engine Coolant Level","9/5/2020 11:44:32 PM","20370.0"
"Low","Events","2143:1","Engine","Low Engine Coolant Level","9/5/2020 10:29:22 PM","20368.0"
"Low","Events","2143:1","Engine","Low Engine Coolant Level","9/5/2020 8:58:36 PM","20367.0"
"Low","Events","2143:1","Engine","Low Engine Coolant Level","9/5/2020 6:44:04 PM","20365.0"
"Low","Events","2143:1","Engine","Low Engine Coolant Level","9/5/2020 5:36:45 PM","20364.0"
"Low","Events","2143:1","Engine","Low Engine Coolant Level","9/5/2020 4:13:44 PM","20362.0"
"Low","Events","2143:1","Engine","Low Engine Coolant Level","9/5/2020 2:10:59 PM","20360.0"
"Low","Events","2143:1","Engine","Low Engine Coolant Level","9/4/2020 7:55:42 PM","20342.0"
"Low","Events","2143:1","Engine","Low Engine Coolant Level","9/4/2020 5:59:48 PM","20340.0"
"Low","Events","2143:1","Engine","Low Engine Coolant Level","9/4/2020 5:40:14 AM","20328.0"
"Low","Events","2143:1","Engine","Low Engine Coolant Level","9/4/2020 4:01:07 AM","20326.0"
"Low","Events","2143:1","Engine","Low Engine Coolant Level","9/4/2020 2:10:37 AM","20324.0"
"Low","Events","2143:1","Engine","Low Engine Coolant Level","9/4/2020 12:38:56 AM","20323.0"
"Low","Events","2143:1","Engine","Low Engine Coolant Level","9/3/2020 11:33:12 PM","20321.0"
"Low","Events","2143:1","Engine","Low Engine Coolant Level","9/3/2020 7:23:02 PM","20317.0"
"Low","Events","2143:1","Engine","Low Engine Coolant Level","9/1/2020 5:20:24 PM","20267.0"
"Low","Events","2143:1","Engine","Low Engine Coolant Level","9/1/2020 3:42:03 PM","20266.0"
"Low","Events","2143:1","Engine","Low Engine Coolant Level","9/1/2020 1:37:47 PM","20264.0"
"Low","Events","2143:1","Engine","Low Engine Coolant Level","9/1/2020 12:29:41 PM","20262.0"
"Low","Events","2143:1","Engine","Low Engine Coolant Level","9/1/2020 11:25:59 AM","20261.0"
"Low","Events","2143:1","Engine","Low Engine Coolant Level","8/26/2020 10:22:06 PM","20252.0"
"Low","Events","2143:1","Engine","Low Engine Coolant Level","8/26/2020 9:00:55 PM","20251.0"
"Low","Events","2143:1","Engine","Low Engine Coolant Level","8/26/2020 6:56:53 PM","20249.0"
"Low","Events","2143:1","Engine","Low Engine Coolant Level","8/26/2020 5:47:55 PM","20248.0"
"Low","Events","2143:1","Engine","Low Engine Coolant Level","8/26/2020 4:42:07 PM","20247.0"
"Low","Events","2143:1","Engine","Low Engine Coolant Level","8/26/2020 3:40:31 PM","20246.0"
"Low","Events","2143:1","Engine","Low Engine Coolant Level","8/26/2020 2:37:14 PM","20245.0"
"Low","Events","2143:1","Engine","Low Engine Coolant Level","8/26/2020 1:24:13 PM","20244.0"
"Low","Events","2143:1","Engine","Low Engine Coolant Level","8/26/2020 12:24:27 PM","20243.0"
"Low","Events","2143:1","Engine","Low Engine Coolant Level","8/26/2020 6:17:44 AM","20239.0"
"Low","Events","2143:1","Engine","Low Engine Coolant Level","8/25/2020 7:26:26 PM","20236.0"
"Low","Events","2143:1","Engine","Low Engine Coolant Level","8/25/2020 6:15:20 PM","20235.0"
"Low","Events","2143:1","Engine","Low Engine Coolant Level","8/25/2020 4:46:43 PM","20233.0"
"Low","Events","2143:1","Engine","Low Engine Coolant Level","8/25/2020 3:29:31 PM","20232.0"
"Low","Events","2143:1","Engine","Low Engine Coolant Level","8/25/2020 6:03:41 AM","20227.0"
"Low","Events","2143:1","Engine","Low Engine Coolant Level","8/25/2020 4:59:25 AM","20226.0"
"Low","Events","2143:1","Engine","Low Engine Coolant Level","8/25/2020 3:44:09 AM","20225.0"
"Low","Events","2143:1","Engine","Low Engine Coolant Level","8/25/2020 2:08:10 AM","20223.0"
"Low","Events","2143:1","Engine","Low Engine Coolant Level","8/24/2020 5:51:46 PM","20215.0"
"Low","Events","2143:1","Engine","Low Engine Coolant Level","8/24/2020 4:42:50 PM","20214.0"
"Low","Events","2143:1","Engine","Low Engine Coolant Level","8/24/2020 1:26:03 AM","20204.0"
"Low","Events","2143:1","Engine","Low Engine Coolant Level","8/23/2020 10:25:00 PM","20203.0"
"Low","Events","2143:1","Engine","Low Engine Coolant Level","8/23/2020 9:13:28 PM","20202.0"
"Low","Events","2143:1","Engine","Low Engine Coolant Level","8/23/2020 8:12:17 PM","20201.0"
"Low","Events","2143:1","Engine","Low Engine Coolant Level","8/23/2020 7:00:00 PM","20200.0"
"Low","Events","2143:1","Engine","Low Engine Coolant Level","8/23/2020 5:47:28 PM","20198.0"
"Low","Events","2143:1","Engine","Low Engine Coolant Level","8/23/2020 2:08:47 AM","20197.0"
"Low","Diagnostics","827:8","Engine","Left Exhaust Temperature Sensor:Abnormal Frequency, Pulse Width, or Period","8/23/2020 2:07:58 AM","20197.0"
"Low","Events","2143:1","Engine","Low Engine Coolant Level","8/23/2020 12:48:58 AM","20196.0"
"Low","Events","2143:1","Engine","Low Engine Coolant Level","8/22/2020 11:37:50 PM","20195.0"
"Low","Events","2143:1","Engine","Low Engine Coolant Level","8/22/2020 10:36:13 PM","20194.0"
"Low","Events","2143:1","Engine","Low Engine Coolant Level","8/22/2020 8:56:15 PM","20192.0"
"Low","Events","2143:1","Engine","Low Engine Coolant Level","8/22/2020 7:47:38 PM","20191.0"
"Low","Events","2143:1","Engine","Low Engine Coolant Level","8/22/2020 4:35:22 PM","20188.0"
"Low","Events","2143:1","Engine","Low Engine Coolant Level","8/22/2020 3:33:02 PM","20187.0"
"Low","Events","2143:1","Engine","Low Engine Coolant Level","8/22/2020 8:45:57 AM","20186.0"
"Low","Events","2143:1","Engine","Low Engine Coolant Level","8/21/2020 5:42:16 AM","20184.0"
"Low","Events","2143:1","Engine","Low Engine Coolant Level","8/20/2020 12:12:58 AM","20174.0"
"Low","Events","2143:1","Engine","Low Engine Coolant Level","8/19/2020 11:06:00 PM","20173.0"
"Low","Events","2143:1","Engine","Low Engine Coolant Level","8/19/2020 9:59:22 PM","20172.0"
"Low","Events","2143:1","Engine","Low Engine Coolant Level","8/19/2020 8:49:42 PM","20171.0"
"Low","Events","2143:1","Engine","Low Engine Coolant Level","8/19/2020 7:48:13 PM","20169.0"
"Low","Events","2143:1","Engine","Low Engine Coolant Level","8/19/2020 6:02:31 PM","20168.0"
"Low","Events","2143:1","Engine","Low Engine Coolant Level","8/19/2020 5:00:48 PM","20167.0"
"Low","Events","2143:1","Engine","Low Engine Coolant Level","8/19/2020 3:59:23 PM","20166.0"
"Low","Events","2143:1","Engine","Low Engine Coolant Level","8/19/2020 2:06:07 AM","20158.0"
"Low","Events","2143:1","Engine","Low Engine Coolant Level","8/19/2020 12:41:51 AM","20157.0"
"Low","Events","2143:1","Engine","Low Engine Coolant Level","8/18/2020 11:34:52 PM","20155.0"
"Low","Events","2143:1","Engine","Low Engine Coolant Level","8/18/2020 8:48:12 PM","20153.0"
"Low","Events","2143:1","Engine","Low Engine Coolant Level","8/18/2020 7:44:15 PM","20152.0"
"Low","Events","2143:1","Engine","Low Engine Coolant Level","8/18/2020 6:21:09 PM","20150.0"
"Low","Events","2143:1","Engine","Low Engine Coolant Level","8/18/2020 4:34:22 PM","20148.0"
"Low","Events","2143:1","Engine","Low Engine Coolant Level","8/18/2020 1:52:07 PM","20146.0"
"Low","Events","2143:1","Engine","Low Engine Coolant Level","8/18/2020 12:13:21 PM","20144.0"
"Low","Events","2143:1","Engine","Low Engine Coolant Level","8/18/2020 11:01:44 AM","20143.0"
"Low","Events","2143:1","Engine","Low Engine Coolant Level","8/18/2020 9:10:03 AM","20141.0"
"Low","Events","2143:1","Engine","Low Engine Coolant Level","8/18/2020 7:02:40 AM","20139.0"
"Low","Events","2143:1","Engine","Low Engine Coolant Level","8/18/2020 5:43:34 AM","20138.0"
"Low","Events","2143:1","Engine","Low Engine Coolant Level","8/18/2020 4:10:07 AM","20136.0"
"Low","Events","2143:1","Engine","Low Engine Coolant Level","8/18/2020 3:06:01 AM","20135.0"
"Low","Events","2143:1","Engine","Low Engine Coolant Level","8/18/2020 1:34:34 AM","20134.0"
"Low","Events","2143:1","Engine","Low Engine Coolant Level","8/16/2020 7:22:37 AM","20092.0"
"Low","Events","2143:1","Engine","Low Engine Coolant Level","8/16/2020 5:48:51 AM","20090.0"
"Low","Events","2143:1","Engine","Low Engine Coolant Level","8/16/2020 3:07:07 AM","20087.0"
"Low","Events","2143:1","Engine","Low Engine Coolant Level","8/13/2020 6:27:02 AM","20082.0"
"Low","Events","2143:1","Engine","Low Engine Coolant Level","8/13/2020 4:13:01 AM","20080.0"
"Low","Events","2143:1","Engine","Low Engine Coolant Level","8/13/2020 1:31:47 AM","20077.0"
"Low","Events","2143:1","Engine","Low Engine Coolant Level","8/12/2020 11:48:53 PM","20075.0"
"Low","Events","2143:1","Engine","Low Engine Coolant Level","8/12/2020 4:01:17 PM","20068.0"
"Low","Events","2143:1","Engine","Low Engine Coolant Level","8/11/2020 6:27:13 PM","20064.0"
"Low","Events","2143:1","Engine","Low Engine Coolant Level","8/11/2020 10:10:12 AM","20062.0"
"Low","Events","2143:1","Engine","Low Engine Coolant Level","8/11/2020 1:33:42 AM","20053.0"
"Low","Events","2143:1","Engine","Low Engine Coolant Level","8/11/2020 12:29:57 AM","20052.0"
"Low","Events","2143:1","Engine","Low Engine Coolant Level","8/10/2020 10:06:06 PM","20050.0"
"Low","Events","2143:1","Engine","Low Engine Coolant Level","8/10/2020 7:59:45 PM","20047.0"
"Low","Events","2143:1","Engine","Low Engine Coolant Level","8/10/2020 6:29:31 PM","20046.0"
"Low","Events","2143:1","Engine","Low Engine Coolant Level","8/10/2020 4:50:17 PM","20044.0"
"Low","Events","2143:1","Engine","Low Engine Coolant Level","8/10/2020 8:02:22 AM","20035.0"
"Low","Events","2143:1","Engine","Low Engine Coolant Level","8/10/2020 6:34:14 AM","20034.0"
"Low","Events","2143:1","Engine","Low Engine Coolant Level","8/10/2020 4:30:59 AM","20032.0"
"Low","Events","2143:1","Engine","Low Engine Coolant Level","8/10/2020 1:35:03 AM","20029.0"
"Low","Events","2143:1","Engine","Low Engine Coolant Level","8/9/2020 5:00:49 PM","20020.0"
"Low","Events","2143:1","Engine","Low Engine Coolant Level","8/9/2020 3:46:27 PM","20019.0"
"Low","Events","2143:1","Engine","Low Engine Coolant Level","8/9/2020 2:32:26 PM","20018.0"
"Low","Events","2143:1","Engine","Low Engine Coolant Level","8/9/2020 1:09:32 PM","20017.0"
"Low","Events","2143:1","Engine","Low Engine Coolant Level","8/9/2020 11:59:56 AM","20015.0"
"Low","Events","2143:1","Engine","Low Engine Coolant Level","8/9/2020 10:52:30 AM","20014.0"
"Low","Events","2143:1","Engine","Low Engine Coolant Level","8/9/2020 6:37:49 AM","20013.0"
"Low","Diagnostics","827:8","Engine","Left Exhaust Temperature Sensor:Abnormal Frequency, Pulse Width, or Period","8/9/2020 6:36:48 AM","20013.0"
"Low","Events","2143:1","Engine","Low Engine Coolant Level","8/9/2020 12:34:49 AM","20011.0"
"Low","Events","2143:1","Engine","Low Engine Coolant Level","8/8/2020 9:07:38 PM","20007.0"
"Low","Events","2143:1","Engine","Low Engine Coolant Level","8/8/2020 7:23:23 PM","20005.0"
"Low","Events","2143:1","Engine","Low Engine Coolant Level","8/8/2020 3:57:14 PM","20003.0"
"Low","Events","2143:1","Engine","Low Engine Coolant Level","8/8/2020 2:37:10 PM","20002.0"
"Low","Events","2143:1","Engine","Low Engine Coolant Level","8/8/2020 1:33:17 PM","20001.0"
"Low","Events","2143:1","Engine","Low Engine Coolant Level","8/8/2020 11:43:14 AM","19999.0"
"Low","Events","2143:1","Engine","Low Engine Coolant Level","8/8/2020 10:37:42 AM","19998.0"
"Low","Events","2143:1","Engine","Low Engine Coolant Level","8/8/2020 9:23:21 AM","19997.0"
"Low","Events","2143:1","Engine","Low Engine Coolant Level","8/8/2020 8:21:19 AM","19995.0"
"Low","Events","2143:1","Engine","Low Engine Coolant Level","8/8/2020 7:14:47 AM","19994.0"
"Low","Events","2143:1","Engine","Low Engine Coolant Level","8/8/2020 6:02:00 AM","19993.0"
"Low","Events","2143:1","Engine","Low Engine Coolant Level","8/8/2020 4:38:42 AM","19992.0"
"Low","Events","2143:1","Engine","Low Engine Coolant Level","8/8/2020 2:57:49 AM","19990.0"
"Low","Events","2143:1","Engine","Low Engine Coolant Level","8/8/2020 1:41:09 AM","19989.0"
"Low","Events","2143:1","Engine","Low Engine Coolant Level","8/8/2020 12:36:34 AM","19988.0"
"Low","Events","2143:1","Engine","Low Engine Coolant Level","8/7/2020 10:41:44 PM","19986.0"
"Low","Events","2143:1","Engine","Low Engine Coolant Level","8/7/2020 7:23:22 PM","19983.0"
"Low","Events","2143:1","Engine","Low Engine Coolant Level","8/7/2020 6:22:58 PM","19981.0"
"Low","Events","2143:1","Engine","Low Engine Coolant Level","8/7/2020 5:06:14 PM","19980.0"
"Low","Events","2143:1","Engine","Low Engine Coolant Level","8/7/2020 4:00:16 PM","19979.0"
"Low","Events","2143:1","Engine","Low Engine Coolant Level","8/7/2020 2:44:59 PM","19978.0"
"Low","Events","2143:1","Engine","Low Engine Coolant Level","8/7/2020 1:43:40 PM","19977.0"
"Low","Events","2143:1","Engine","Low Engine Coolant Level","8/7/2020 12:32:36 PM","19976.0"
"Low","Events","2143:1","Engine","Low Engine Coolant Level","8/7/2020 9:47:08 AM","19973.0"
"Low","Events","2143:1","Engine","Low Engine Coolant Level","8/7/2020 8:34:48 AM","19972.0"
"Low","Events","2143:1","Engine","Low Engine Coolant Level","8/7/2020 7:10:50 AM","19970.0"
"Low","Events","2143:1","Engine","Low Engine Coolant Level","8/7/2020 6:11:01 AM","19969.0"
"Low","Events","2143:1","Engine","Low Engine Coolant Level","8/7/2020 5:05:35 AM","19968.0"
"Low","Events","2143:1","Engine","Low Engine Coolant Level","8/7/2020 4:03:44 AM","19967.0"
"Low","Events","2143:1","Engine","Low Engine Coolant Level","8/7/2020 2:56:28 AM","19966.0"
"Low","Events","2143:1","Engine","Low Engine Coolant Level","8/7/2020 12:40:56 AM","19964.0"
"Low","Events","2143:1","Engine","Low Engine Coolant Level","8/6/2020 10:04:25 PM","19961.0"
"Low","Events","2143:1","Engine","Low Engine Coolant Level","8/4/2020 4:52:57 AM","19944.0"
"Low","Events","2143:1","Engine","Low Engine Coolant Level","8/4/2020 3:44:49 AM","19942.0"
"Low","Events","2143:1","Engine","Low Engine Coolant Level","8/4/2020 2:20:08 AM","19941.0"
"Low","Events","2143:1","Engine","Low Engine Coolant Level","8/4/2020 12:39:21 AM","19939.0"
"Low","Events","2143:1","Engine","Low Engine Coolant Level","8/3/2020 11:13:44 PM","19938.0"
"Low","Events","2143:1","Engine","Low Engine Coolant Level","8/3/2020 9:48:21 PM","19936.0"
"Low","Events","2143:1","Engine","Low Engine Coolant Level","8/3/2020 8:03:03 PM","19935.0"
"Low","Events","2143:1","Engine","Low Engine Coolant Level","8/1/2020 10:50:02 PM","19890.0"
"Low","Events","2143:1","Engine","Low Engine Coolant Level","8/1/2020 9:27:10 PM","19888.0"
